id,hashtag
3,marearosa
58,joanlaporta
58,casonegreira
58,fcbarcelona
85,achotels
85,centrallecheraasturiana
85,lua
85,fondosdeinversion
85,economia
85,economiaeuropa
85,europa
85,españa
85,fondoseuropeos
85,empresasexitosas
85,gestiondepatrimonios
85,negociostv
96,madrid
96,elche
105,cádiz
105,noticiascádiz
105,arte
105,noticiasarte
116,chiringuitopolémica
128,33
128,tanando
130,gijón
167,woocommerce
167,tiendasonline
167,comercioelectrónico
167,autónomos
167,emprendedores
172,podcast
172,arquitecturaacompasada
172,arquitectura
180,marearosa
182,euroligadevergüenza
197,negreiraleague
202,edp
215,messi
226,amazon
226,publicidad
233,díadelamadre
233,marearosa
237,copadelrey
245,canderdemama
247,halamadrid
249,ascodevida
249,centrallecheraasturiana
249,premioinnovación2023
249,retotapónvegetal
254,marearosa
268,lacarreradelamujer
268,madrid
271,compromisoaegon
283,marearosa
283,carreradelamujer
287,cádiz
287,noticiascádiz
287,arte
287,noticiasarte
295,cadizsuenabien
297,campionsfcb
302,laliga
302,laliga
334,mancity
356,llorones
456,barcagate
456,negreiragate
458,laligasantander
475,copadelrey
481,copadelrey
484,copadelrey
491,feriavalencia
491,marearosa
504,sinlactosa
524,realmadridvillarreal
524,laliga
528,laliga
528,realmadridvillarreal
614,noticiaselsiglo
614,noticias
614,2023
622,polaroidnow
622,centrallechera
622,sorteo
670,mountainrange
670,madridwest
670,zarzalejo
670,centrallecheraasturiana
670,madrid
670,spain
670,myself
670,trucking
670,lifestyle
670,me
670,trucker
670,mantrucks
670,tgx
670,480
671,centrallecheraasturiana
671,juntosporlacocinanatural
672,centrallecheraasturiana
672,alimentaciónsaludable
672,nutricion
672,comidasana
672,cocinaequilibrada
672,cocinasaludable
672,productossaludables
672,alimentacioninfantil
673,novumnovedades
673,novum
673,sabordelaño202
673,centrallecheraasturiana
673,yobeboleche
674,revistaelkarma
674,humor
674,txarribodanews
674,satira
674,fakeberriak
674,aguamineral
674,alcohol
674,droga
674,estupefaciente
674,anuncio
674,spot
674,fontvella
674,centrallecheraasturiana
674,jesuscalleja
674,danone
674,alegre
674,feliz
674,cervezacongas
674,familiaspreocupadas
674,ocu
674,facua
674,camarasuperlento
674,botellin
674,nochevieja
674,ministeriodeconsumo
674,anodino
674,agua
674,aguacongas
674,burbujas
674,television
675,centrallecheraasturiana
676,yobeboleche
676,centrallecheraasturiana
676,premio
676,sorteo
676,gratis
676,prueboyopino
676,quehayporaqui
677,yobeboleche
677,centrallecheraasturiana
677,yobeboleche
678,galletasgullon
678,galletas
678,bebidavegetal
678,centrallecheraasturiana
678,plantbased
679,centrallecheraasturiana
680,leche
680,centrallecheraasturiana
680,desayuno
681,carreradelamujer2023
681,masinvestigacuonparamasvida
681,gijon
681,asturias
681,españa
681,mafaldamafalditademicorazón
681,morganamiprincipitaguapa
681,perritosfelices
681,carreraconperro
681,oysho
681,centrallecheraasturiana
682,scania
682,scaniatrucks
682,scaniagroup
682,scaniap450
682,centrallecheraasturiana
682,cla
682,trailer
682,transporte
682,transport
682,logistica
682,logistic
682,logistics
682,asturias
682,oviedo
682,poladesiero
682,parqueprincipado
682,lacorredoria
682,lugones
682,camión
682,camion
682,truck
682,trucks
682,truckspotter
682,truckspotting
683,centrallecheraasturiana
683,academiadeguisanderas
683,lonaturalsabemejor
683,recetasnaturales
683,centrallecheraasturiana
684,cocinaconcentrallecheraasturiana
684,centrallecheraasturiana
685,carreradelamujer
685,recogidadorsal
685,centrallecheraasturiana
685,asturiasparaisonatural
685,gijón
686,carreradelamujer
686,gijón
686,centrallecheraasturiana
686,seccióntiroconarcochas
686,asturias
686,clubhípicoastur
686,seccióntiroconarco
687,carreradelamujer
687,gijón
687,centrallecheraasturiana
687,asturias
687,clubhípicoastur
688,carreradelamujer
688,gijon
688,carrera
688,oysho
688,carreradelamujergijon
688,carreras
688,carrerasolidaria
688,asturias
688,domingo
688,junio
688,eventosolidario
688,deporte
688,centrallecheraasturiana
688,carreradelamujer2023
689,marearosa
689,gijon
689,carreramujer
689,centrallecheraasturiana
690,marearosa
690,gijon
690,carreradelamujer2023
690,marearosagijon
690,fyp
690,marearosa
690,zumba
690,centrallecheraasturiana
690,oysho
690,baila
690,equipo
691,namaste
691,yoga
691,mujer
691,marea
691,oysho
691,centrallecheraasturiana
691,carreramujer
691,gijon
692,recetasuprema
692,influencersnaturales
692,retoamigoscentrallecheraasturiana
692,centrallecheraasturiana
692,colaboracionconprogramainfluencersnaturales
693,arrozconleche
693,sinlactosa
693,centrallecheraasturiana
694,helado
694,helados
694,polo
694,polos
694,verano
694,calor
694,colacao
694,baticao
694,heladera
694,aliens
694,nocilla
694,leche
694,covap
694,nata
694,centrallecheraasturiana
694,90s
694,00s
694,cacao
694,chocolate
694,dulce
694,minions
694,gru
694,iluminations
694,grandprix
694,heladera
694,batidora
694,tartadequeso
695,helado
695,helados
695,polo
695,polos
695,verano
695,calor
695,colacao
695,baticao
695,heladera
695,aliens
695,nocilla
695,leche
695,covap
695,nata
695,centrallecheraasturiana
695,90s
695,00s
695,cacao
695,chocolate
695,dulce
696,sinlactosa
696,leche
696,centrallecheraasturiana
697,leche
697,centrallecheraasturiana
697,desayuno
698,leche
698,centrallecheraasturiana
698,desayuno
699,lavelada3i
699,centrallecheraasturiana
699,yobeboleche
699,lechesuprema
700,recetas
700,centrallecheraasturiana
700,academiadeguisanderas
700,recetasnaturales
700,lonaturalsabemejor
701,julio
701,centrallecheraasturiana
702,centrallecheraasturiana
703,centrallecheraasturiana
703,suprema
703,yobeboleche
704,centrallecheraasturiana
704,novedadesmercadona
704,cacaolat
704,puleva
704,batidospuleva
704,colacao
704,batidosaludable
705,pravia
705,asturias
705,mundoganadero
705,ganaderos
705,ganaderia
705,ganadera
705,vacas
705,xiatin
705,frisona
705,leche
705,tractor
705,maquinaria
705,campo
705,asturias_ig
705,asturiasparaisonatural
705,naturaleza
705,campesino
705,centrallecheraasturiana
705,asturiana
705,lecheasturiana
705,exploitacion
705,vacuno
705,vacunos
705,hierbas
705,pasto
705,pastor
705,pastoreo
705,ternera
705,animales
705,granja
706,pravia
706,asturias
706,mundoganadero
706,ganaderos
706,ganaderia
706,ganadera
706,ovejas
706,xiatin
706,encintados
706,tractor
706,maquinaria
706,campo
706,vacas
706,asturias_ig
706,asturiasparaisonatural
706,naturaleza
706,campesino
706,centrallecheraasturiana
706,asturiano
706,lecheasturiana
706,exploitacion
706,ovino
706,ovinocultura
706,hierbas
706,pasto
706,pastor
706,pastoreo
706,ovejas
706,animales
706,granja
707,pravia
707,asturias
707,mundoganadero
707,ganaderos
707,ganaderia
707,ganadera
707,pitas
707,cordero
707,oveja
707,leche
707,tractor
707,maquinaria
707,campo
707,asturias_ig
707,asturiasparaisonatural
707,naturaleza
707,campesino
707,centrallecheraasturiana
707,asturiano
707,assaf
707,exploitacion
707,ovino
707,ovinocultura
707,hierbas
707,pasto
707,pastor
707,pastoreo
707,rebaño
707,animales
707,granja
708,pravia
708,asturias
708,mundoganadero
708,ganaderos
708,ganaderia
708,ganadera
708,vacas
708,xiatin
708,encintados
708,tractor
708,maquinaria
708,campo
708,asturias_ig
708,asturiasparaisonatural
708,naturaleza
708,campesino
708,centrallecheraasturiana
708,asturiano
708,lecheasturiana
708,exploitacion
708,vacuno
708,vacunos
708,hierbas
708,pasto
708,pastor
708,pastoreo
708,ovejas
708,animales
708,granja
709,pravia
709,asturias
709,mundoganadero
709,ganaderos
709,ganaderia
709,ganadera
709,ovejas
709,sega
709,encintados
709,tractor
709,maquinaria
709,campo
709,vacas
709,asturias_ig
709,asturiasparaisonatural
709,naturaleza
709,campesino
709,centrallecheraasturiana
709,asturiano
709,segar
709,exploitacion
709,ovino
709,ovinocultura
709,hierbas
709,pasto
709,pastor
709,pastoreo
709,ovejas
709,animales
709,granja
709,farm
710,volvo
710,volvotrucks
710,volvofh
710,volvofh500
710,cla
710,centrallecheraasturiana
710,trailer
710,transporte
710,transport
710,logistica
710,logistic
710,logistics
710,asturias
710,aviles
710,avilés
710,corveradeasturias
710,corvera
710,favila
710,trasona
710,camión
710,camion
710,truck
710,trucks
710,truckspotter
710,truckspotting
711,fibranatural
711,fibranaturalcentrallecheraasturiana
711,centrallecheraasturiana
711,alimentaciónsaludable
711,recetassaludables
711,alimentacionequilibrada
711,nutricion
711,nutricionysalud
711,cocinasaludable
711,productossaludables
