id,person
5,ceballos
5,lan
6,negreira
9,valverde
9,florentino
10,tenorio
11,tenorio
14,ceballos
14,vinicius
14,valverde
15,ceballos
15,vinicius
15,valverde
20,gavi
21,gavi
22,gavi
23,gavi
24,gavi
24,ceballos
24,valverde
25,gavi
25,ceballos
25,valverde
28,fali
28,rodrygo
31,laporta
32,franco
32,laporta
33,laporta
36,florentino pérez
44,feijóo
45,florentino pérez
46,haaland
47,joan laporta
47,florentino
49,joan laporta
50,laporta
52,laporta
52,ferreras
52,pedrerol
58,joanlaporta
60,tenorio
61,tenorio
64,ceballos
64,vinicius
64,valverde
65,ceballos
65,vinicius
65,valverde
70,gavi
71,gavi
72,gavi
73,gavi
74,gavi
74,ceballos
74,valverde
75,gavi
75,ceballos
75,valverde
78,courtois
78,cholo
79,carlos herrera
79,franquista
79,àngels barceló
81,frédéric porta
81,segurola
84,franco
87,amo
87,florentino
93,lechera
99,penaldo
103,josep guardiola
107,floren
112,guarro
113,rita la cantaora
114,javi
116,bilis
122,zidane
125,fede
125,baena
125,baena
125,haníbal lecter
125,"fede gandhi 

xavi"
125,ancelotti
127,polaco
128,taylor
128,alonso
129,mateu lahoz
132,sergio ramos
134,fernando alonso
134,taylor swift
135,nno
142,vinicius
142,vinicius
142,pepe
142,valverde el santo
143,negreira
143,florentino pérez
144,vinicius
145,vinicius
147,vinicius
150,pep guardiola
156,ibai
157,ibai
157,piqué
160,mourinho
163,florentino
163,gavi
164,laporta
166,villarato
166,clos gómez
168,vinicius
168,vinicius
168,rodrigo
168,rudiger
168,álaba
168,tchoumeani
168,mendy
168,vinicius
182,sergio llull
182,rudy fernández
182,valverde
182,carvajal
182,vinicius
184,vinicius
191,edgar
191,vinicius
192,ancelotti
192,vinicius
192,vinicius
192,vinicius
192,vinicius
192,neymar
193,vinicius
194,dazn
194,orange
196,vinicius junior
196,cristian álvarez
197,pep
199,celta
204,mareao
204,taty
204,kubo
212,cope
212,ser
212,as
212,marca
212,chiringuito
212,vinicius
215,messi
216,negreira
224,meyba
224,casabella
224,eder
224,kelme
241,fernando alonso
246,rey
259,vinicius
259,vinicius
272,saras
278,xavi
280,pep
289,marca
289,chirincirco
294,vini
303,busquets
304,florentino
304,florentino
305,gavi
308,gabi
317,florentino pérez
323,ser
323,cubero
323,nolla
323,godós
328,florentino
330,pep
334,pep
336,jfkennedy
337,guardiola
338,guardiola
338,messi
338,bernabeu
340,modric
340,benzema
340,ancelotti
345,pep
345,messi
345,guardiola
345,pep
347,guardiola
357,kimmich
357,auba
364,pepe
364,casquero
364,valverde
364,baena
364,vinicius
369,juanma castaño
371,ferdinand
372,madrid
374,vinicius
375,florentino
378,diego costa
379,vinicius
379,martin luther king
380,vinicius
380,dani alves
380,alves
382,celta
382,elche
382,vinicius
383,vinicius
383,mestalla
384,vinicius
386,vinicius
387,vini
388,vinicius
388,dani alves
392,florentino
392,neymar
394,vinicius
395,ancelotti
396,ancelotti
396,mestalla
396,vinicius
397,floren
397,vinicius
398,ricardo de burgos bengoetxea
401,ricardo de burgos bengoetxea
402,mentirotti
406,ancelotti
406,guardiola
408,florentino
409,mandela
411,ferdinand
411,neymar
411,mbappe
411,lineker
411,sancho
414,florentino
415,destajo
417,diego lópez
420,vinicius
421,samu
422,guardiola
422,florentino pérez
423,florentino
426,nadal
432,lula
434,vinicius
439,vinicius
439,guardiola
441,neymar
441,dani alves
441,messi
446,vinicius
446,vinicius
446,neymar
446,vinicius
450,vini
451,joselu
451,mariano
451,benzema
451,joselu
451,batistuta
453,laporta
455,piqué
455,florentino
456,negreira
462,ramón calderón
463,negreira
464,negreira
464,florentino
464,merengue
465,gavi
466,casemiro
466,gavi
467,carletto
470,ancelloti
474,negreira
474,piqué
476,negreira
478,enorabuena
482,alaba
482,kounde
482,marcos alonso
482,negreira
483,tebas
488,lucho
489,florentino
493,ana obregón
494,messi
500,gavi
503,vinicius
503,gavi
505,mateu alemany
507,luis enrique
508,baena
508,bambi
511,baena
511,valverde
512,alex
513,baena
514,valverde
514,baena
514,gavi
515,lionel andres messi cuccitini
515,cr7
516,valverde
522,rey
522,patatin patatan
524,tito floren
524,nacho
524,chukwueze
524,nacho
524,franz beckenbauer
527,zasca
528,gavi
529,jesus
532,valverde
532,gavi
533,baena
534,federico valverde
535,florentino pérez
536,valverde
536,baena
538,valverde
539,baena
539,valverde
540,baena
544,baena
544,valverde
545,baena
548,valverde
548,luis enrique
549,valverde
549,lewandoski
550,valverde
552,valverde
552,baena
552,baena
552,bonino
552,valverde
552,suárez
555,valverde
555,baena
557,baena
558,baena
558,valverde
559,baena
562,florentino
563,valverde
563,baena
564,alex baena
566,valverde
566,baena
566,tronquicius
568,baena
568,valverde
568,valverde
570,valverde
570,valverde
570,gavi
570,valverde
571,valverde
571,baena
571,valverde
572,baena
573,baena
573,valverde
574,josé carlos díez
575,josé carlos díez
577,pepe
577,albín
577,albín
579,valverde
581,valverde
584,valverde
585,pepe
587,valverde
587,gimenez
587,gavi
588,baena
589,valverde
589,baena
589,gavi
593,josef ajram
594,baena
594,baena
594,valverde
594,baena
595,jose carlos díaz
599,baena
599,florentino
600,gavi
602,josé carlos díez
603,elches
608,bartomeu
613,xavi
615,guardiola
620,baena
620,valverde
621,fede valverde
621,pepe
621,casquero
621,messi
